id,caption,image_url,width,height
20c13b9fcb2dab0c6a95cd439d224712,A cowboy riding into the sunset on a dusty trail,https://v3.fal.media/files/kangaroo/EC8wHJEzRvTvJEQDMLg-x.png,1024,768
0f6429d678af9bee0d4e98ffad97f2e2,A garden tea party with animals dressed in clothes,https://v3.fal.media/files/panda/ZOihtIhSWTKLirGZIRUdB.png,1024,768
2666e5102206626441ba2ea95dc54386,A fairy flying through a nighttime meadow,https://v3.fal.media/files/rabbit/C_utSRlzWh6S27_Y-jrgs.png,1024,768
541700924103cd2fdeeb6439f08e8fcf,A battle scene between two giant mechs,https://v3.fal.media/files/panda/yUaUxtEcV4MCYVJ35eHBM.png,1024,768
730a7c26b11ab96e8fb5f9dcf6861bd4,A quiet village in the Swiss Alps,https://v3.fal.media/files/monkey/eEGOc5tsvx5UqSRSLP9HF.png,1024,768
0222f417e1827b1f291985e91ff4c0f4,A jungle temple reclaimed by nature,https://v3.fal.media/files/elephant/FXWQp8x-85aU6AA9QcJT6.png,1024,768
52a333ec76acc49fae4c7052a86427f0,A science classroom filled with floating holograms,https://v3.fal.media/files/zebra/LMudhK9jcfIcekVA4K1Dn.png,1024,768
0a5e3accfe5113bb339265de998aaefa,A magician performing on a floating stage,https://v3.fal.media/files/tiger/sUSYoOrhWgIcmYeTH1bC6.png,1024,768
b5b5efd79bb74a2f2de163e85e03fad7,A high-fashion runway in Paris,https://v3.fal.media/files/koala/oq2EG2kMXQpxBxmfjNV2p.png,1024,768
002d152ed758742fd3d64aad1d49d2fa,A luxury yacht in the Caribbean,https://v3.fal.media/files/monkey/4GOTbRUUSId_-WlZl1JvJ.png,1024,768